{"cameraMode":{"drawMode":0,"name":"Shaded","section":"Shading Mode"},"sceneLighting":true,"audioPlay":false,"sceneViewState":{"m_AlwaysRefresh":false,"showFog":true,"showSkybox":true,"showFlares":true,"showImageEffects":true,"showParticleSystems":true,"showVisualEffectGraphs":true,"m_FxEnabled":true},"in2DMode":false,"pivot":{"x":38.27599334716797,"y":-2.438823699951172,"z":78.28916931152344},"rotation":{"x":0.29602697491645815,"y":0.12702710926532746,"z":-0.039759472012519839,"w":0.9458816647529602},"size":9.673436164855957,"orthographic":false}